id,pretengrant_total,pretenpubR1,pretenpubR2,pretenpubR3,pretenpub_total3,tenurejobtop30,tenurejobtop50,tenurejobtop100,tenurejobtop200,tenurejobtop201,firstjobtop10,firstjobtop20,firstjobtop40,firstjobtop41_100,firstjobtop201,acadfirstjob,treat,phdyr,phd_forn,top10phd,top20phd,top40phd,tenure2,cohortc,reapplied,tensamp,tenstream,tenstreamtop,nonacadlastjob,firsttimec,yrsphd8,yrsphd9,yrsphd10,yrsphd11,yrsphd12,yrsphd13,yrsphd14,yrsphd15,yrsphd16
1,0,1,5,6,12,0,0,0,0,0,0,0,0,1,0,1,1,2005,1,0,0,0,0,2,0,1,1,1,0,1,0,0,0,0,0,1,0,0,0
3,0,0,1,4,5,0,0,0,0,1,0,0,0,0,0,1,1,2000,0,0,1,0,1,2,0,1,1,0,0,1,0,0,0,0,0,0,0,0,1
4,0,0,5,6,11,0,0,0,0,0,0,0,0,1,0,1,1,2004,0,0,1,0,1,2,0,1,1,1,0,1,0,0,0,0,0,0,1,0,0
5,0,0,2,4,6,1,1,1,1,0,0,1,0,0,0,1,1,2004,0,0,0,1,1,2,0,1,1,1,0,1,0,0,0,0,0,0,1,0,0
6,0,0,0,4,4,0,0,0,0,1,0,0,0,0,1,1,1,2003,0,0,0,0,1,2,0,1,0,0,1,1,0,0,0,0,0,0,0,1,0
7,0,0,4,4,8,0,0,0,0,0,0,0,0,0,0,1,1,2005,0,0,1,0,0,2,0,1,1,0,0,1,0,0,0,0,0,1,0,0,0
8,0,0,0,3,3,0,0,0,0,0,0,0,0,0,0,1,1,2001,0,0,1,0,0,2,0,1,0,0,1,1,0,0,0,0,0,0,0,0,1
9,0,0,0,0,0,0,0,0,0,1,0,0,0,0,1,1,0,2002,0,0,0,1,1,2,0,1,0,0,1,0,0,0,0,0,0,0,0,0,1
12,0,0,1,3,4,0,0,0,0,0,0,0,0,0,0,1,1,2004,0,0,0,1,0,2,0,1,1,0,0,1,0,0,0,0,0,0,1,0,0
13,2,0,3,17,20,0,0,0,0,0,0,1,0,0,0,1,1,2005,0,1,0,0,0,2,0,1,1,1,0,1,0,0,0,0,0,1,0,0,0
14,2,0,2,18,20,0,0,0,0,1,0,1,0,0,0,1,1,2001,0,1,0,0,1,2,0,1,1,0,0,1,0,0,0,0,0,0,0,0,1
15,0,0,0,6,6,0,0,0,0,1,0,0,0,0,1,1,0,2003,0,0,0,0,1,2,0,1,1,0,0,0,0,0,0,0,0,0,0,1,0
16,0,0,1,0,1,1,1,1,1,0,0,1,0,0,0,1,0,1998,0,1,0,0,1,2,0,1,0,0,1,0,0,0,0,0,0,0,0,0,1
17,0,0,0,3,3,0,0,0,0,1,0,0,0,0,1,1,0,2005,0,0,0,0,1,2,0,1,1,0,0,0,0,0,0,0,0,1,0,0,0
18,0,0,4,6,10,0,0,0,0,1,0,0,0,0,1,1,0,2003,0,0,1,0,1,1,1,1,1,0,0,0,0,0,0,0,0,0,0,1,0
19,0,1,3,3,7,1,1,1,1,0,1,0,0,0,0,1,1,1999,0,1,0,0,1,2,0,1,1,1,0,1,0,0,0,0,0,0,0,0,1
20,0,1,4,12,17,0,0,0,0,0,0,0,0,0,0,1,0,2002,0,0,0,1,1,2,0,1,1,0,0,0,0,0,0,0,0,0,0,0,1
21,3,2,4,0,6,0,0,0,0,0,0,0,0,0,0,1,0,2003,0,1,0,0,0,2,0,1,0,0,1,0,0,0,0,0,0,0,0,1,0
22,0,2,0,1,3,0,0,0,0,1,0,0,0,0,1,1,1,2005,0,0,0,0,1,2,0,1,1,0,0,1,0,0,0,0,0,1,0,0,0
23,0,3,4,6,13,0,0,0,0,0,1,0,0,0,0,1,1,2004,0,1,0,0,1,2,0,1,1,0,0,1,0,0,0,0,0,0,1,0,0
25,0,0,7,5,12,0,0,0,0,0,1,0,0,0,0,1,1,2004,0,1,0,0,1,2,0,1,1,0,0,1,0,0,0,0,0,0,1,0,0
26,1,2,12,3,17,0,0,0,0,0,0,0,0,1,0,1,1,2003,0,0,1,0,1,2,0,1,1,1,0,1,0,0,0,0,0,0,0,1,0
27,0,0,2,2,4,0,0,1,1,0,0,0,0,1,0,1,1,2003,0,1,0,0,1,2,0,1,1,1,0,1,0,0,0,0,0,0,0,1,0
28,0,0,0,13,13,0,0,0,0,0,0,0,0,1,0,1,0,2000,1,0,0,0,1,2,0,1,1,0,0,0,0,0,0,0,0,0,0,0,1
29,0,0,3,8,11,0,0,1,1,0,0,0,0,1,0,1,1,2004,0,0,1,0,1,2,0,1,1,1,0,1,0,0,0,0,0,0,1,0,0
30,0,0,1,6,7,0,0,0,0,1,0,0,0,0,1,1,1,2002,0,0,1,0,1,2,0,1,1,0,0,1,0,0,0,0,0,0,0,0,1
31,0,0,2,2,4,0,0,1,1,0,0,0,0,1,0,1,1,2003,0,0,1,0,1,2,0,1,1,0,0,1,0,0,0,0,0,0,0,1,0
32,0,0,1,6,7,0,0,0,0,1,0,0,0,0,1,1,1,2005,0,1,0,0,1,2,0,1,1,0,0,1,0,0,0,0,0,1,0,0,0
33,0,0,5,5,10,0,0,0,0,0,0,0,0,0,1,1,1,2003,0,1,0,0,1,2,0,1,1,0,0,1,0,0,0,0,0,0,0,1,0
34,1,3,3,1,7,1,1,1,1,0,1,0,0,0,0,1,1,2004,0,1,0,0,1,2,0,1,1,1,0,1,0,0,0,0,0,0,1,0,0
37,0,0,0,3,3,0,0,0,0,0,0,0,0,0,1,1,1,2003,0,0,0,1,0,2,0,1,0,0,1,1,0,0,0,0,0,0,0,1,0
38,1,0,3,6,9,1,1,1,1,0,0,0,1,0,0,1,1,2003,0,1,0,0,1,2,0,1,1,1,0,1,0,0,0,0,0,0,0,1,0
39,0,2,3,2,7,1,1,1,1,0,1,0,0,0,0,1,1,2002,0,1,0,0,1,2,0,1,1,1,0,1,0,0,0,0,0,0,0,0,1
40,0,0,1,1,2,0,0,0,0,1,0,0,0,1,0,1,1,2002,1,0,0,0,1,2,0,1,1,0,0,1,0,0,0,0,0,0,0,0,1
41,1,0,1,3,4,0,1,1,1,0,0,0,0,1,0,1,0,2004,0,1,0,0,1,2,0,1,1,1,0,0,0,0,0,0,0,0,1,0,0
42,0,0,1,8,9,0,0,0,0,1,0,0,0,1,0,1,1,2001,1,0,0,0,1,2,0,1,1,0,0,1,0,0,0,0,0,0,0,0,1
44,1,0,6,10,16,0,0,0,0,0,0,0,0,0,1,1,0,1999,0,1,0,0,1,1,1,1,1,0,0,0,0,0,0,0,0,0,0,0,1
45,0,0,3,11,14,0,0,0,0,0,0,0,0,0,1,0,1,2001,0,0,0,1,0,2,0,1,0,0,1,1,0,0,0,0,0,0,0,0,1
46,0,0,4,0,4,0,0,0,0,0,0,0,0,1,0,1,0,2005,0,1,0,0,0,2,0,1,1,1,0,0,0,0,0,0,0,1,0,0,0
48,0,0,3,2,5,0,0,0,0,1,0,0,1,0,0,1,0,2002,0,0,0,1,1,2,0,1,1,0,0,0,0,0,0,0,0,0,0,0,1
49,0,0,5,2,7,0,0,0,0,0,0,0,0,1,0,1,1,1998,0,1,0,0,1,2,0,1,1,0,0,1,0,0,0,0,0,0,0,0,1
50,0,0,0,2,2,0,0,0,0,1,0,0,0,0,1,0,1,2004,0,0,1,0,1,2,0,1,1,0,0,1,0,0,0,0,0,0,1,0,0
51,1,0,7,5,12,1,1,1,1,0,0,0,1,0,0,1,1,2001,0,1,0,0,1,2,0,1,1,1,0,1,0,0,0,0,0,0,0,0,1
52,0,0,2,3,5,0,1,1,1,0,0,0,0,0,1,1,0,2001,0,0,0,0,1,2,0,1,1,1,0,0,0,0,0,0,0,0,0,0,1
53,0,0,0,16,16,0,0,0,0,0,0,0,0,0,1,1,1,2005,0,0,1,0,0,2,0,1,0,0,1,1,0,0,0,0,0,1,0,0,0
54,0,0,0,4,4,0,0,0,0,0,0,0,0,0,1,0,1,2001,0,0,0,0,0,2,0,1,0,0,1,1,0,0,0,0,0,0,0,0,1
55,0,0,1,5,6,0,0,0,0,0,0,0,0,1,0,1,0,2004,0,1,0,0,0,2,0,1,0,0,1,0,0,0,0,0,0,0,1,0,0
57,0,0,0,5,5,0,0,0,1,0,0,0,0,0,0,1,0,2005,0,0,0,0,1,2,0,1,1,0,0,0,0,0,0,0,0,1,0,0,0
58,0,0,0,0,0,0,0,0,0,0,0,0,0,0,0,1,0,2005,0,0,0,0,0,2,0,1,0,0,0,0,0,0,0,0,0,1,0,0,0
59,0,0,0,0,0,0,0,0,0,0,0,0,0,0,1,0,0,2004,1,0,0,0,0,2,0,1,1,0,0,0,0,0,0,0,0,0,1,0,0
60,0,0,2,2,4,0,0,0,0,0,0,0,0,1,0,1,0,2004,1,0,0,0,0,2,0,1,0,0,1,0,0,0,0,0,0,0,1,0,0
61,0,0,0,6,6,0,0,0,0,0,0,0,0,0,0,1,1,2004,0,0,1,0,0,2,0,1,1,0,0,1,0,0,0,0,0,0,1,0,0
62,1,2,7,2,11,1,1,1,1,0,1,0,0,0,0,1,1,2003,0,1,0,0,1,2,0,1,1,1,0,1,0,0,0,0,0,0,0,1,0
63,0,0,1,1,2,0,0,0,0,0,0,0,0,0,0,1,1,2001,0,0,0,1,0,2,0,1,0,0,1,1,0,0,0,0,0,0,0,0,1
65,0,1,9,2,12,0,0,0,0,0,0,1,0,0,0,1,0,2005,0,0,1,0,0,2,0,1,0,0,1,0,0,0,0,0,0,1,0,0,0
66,0,0,1,6,7,0,0,0,0,1,0,0,0,1,0,1,0,1996,0,0,1,0,1,1,0,1,1,1,0,0,0,0,0,0,0,0,0,0,1
67,0,0,5,12,17,0,0,0,0,1,0,0,0,0,1,1,1,1999,1,0,0,0,1,1,0,1,1,0,0,1,0,0,0,0,0,0,0,0,1
68,0,1,3,1,5,1,1,1,1,0,0,1,0,0,0,1,0,2000,0,0,1,0,1,1,0,1,1,1,0,0,0,0,0,0,0,0,0,0,1
69,0,0,4,12,16,0,0,0,0,0,0,0,0,0,0,1,1,2002,0,0,1,0,1,1,0,1,1,0,0,1,0,0,0,0,0,0,0,0,1
70,1,1,9,7,17,1,1,1,1,0,0,0,0,1,0,1,1,1998,0,1,0,0,1,1,0,1,1,1,0,1,0,0,0,0,0,0,0,0,1
71,0,0,0,0,0,0,0,0,0,1,0,0,0,0,1,1,0,2000,0,0,0,1,1,1,0,1,1,0,0,0,0,0,0,0,0,0,0,0,1
72,0,0,1,4,5,0,0,0,0,1,0,0,0,0,1,0,1,1999,0,0,1,0,1,1,0,1,1,0,0,1,0,0,0,0,0,0,0,0,1
73,0,1,3,6,10,0,0,1,1,0,0,0,0,1,0,1,0,1996,1,0,0,0,1,1,0,1,1,1,0,0,0,0,0,0,0,0,0,0,1
74,1,0,3,3,6,0,0,0,0,1,1,0,0,0,0,1,1,2003,0,1,0,0,1,1,0,1,1,0,0,1,0,0,0,0,0,0,0,1,0
75,0,0,0,4,4,0,0,0,0,1,0,0,0,0,1,1,0,2000,0,0,0,1,1,1,0,1,0,0,1,0,0,0,0,0,0,0,0,0,1
76,3,1,6,11,18,0,0,0,1,0,0,0,0,0,1,0,1,1998,0,1,0,0,1,1,0,1,1,0,0,1,0,0,0,0,0,0,0,0,1
77,0,0,0,5,5,0,0,0,0,1,0,0,0,0,1,1,0,2003,0,0,1,0,1,1,0,1,1,0,0,0,0,0,0,0,0,0,0,1,0
78,1,2,2,2,6,0,0,0,0,0,0,1,0,0,0,1,0,2001,0,1,0,0,0,1,0,1,0,0,1,0,0,0,0,0,0,0,0,0,1
79,0,0,3,13,16,0,0,0,1,0,0,0,0,0,1,1,1,1999,0,0,0,1,1,1,0,1,1,0,0,1,0,0,0,0,0,0,0,0,1
80,1,1,9,1,11,0,0,1,1,0,0,0,0,1,0,1,0,2003,0,1,0,0,1,1,0,1,1,1,0,0,0,0,0,0,0,0,0,1,0
81,1,0,5,8,13,0,0,0,0,0,0,0,0,0,0,1,1,2001,0,0,0,0,1,1,0,1,1,0,0,1,0,0,0,0,0,0,0,0,1
82,0,0,0,1,1,0,0,0,0,0,0,0,0,0,1,1,0,2001,1,0,0,0,0,1,0,1,0,0,0,0,0,0,0,0,0,0,0,0,1
83,1,0,2,5,7,1,1,1,1,0,1,0,0,0,0,1,1,1997,0,1,0,0,1,1,0,1,1,1,0,1,0,0,0,0,0,0,0,0,1
85,0,0,5,12,17,0,0,1,1,0,0,0,0,1,0,1,1,2000,1,0,0,0,1,1,0,1,1,1,0,1,0,0,0,0,0,0,0,0,1
86,0,0,1,5,6,0,0,0,0,0,0,0,0,1,0,1,0,2003,0,1,0,0,1,1,0,1,0,0,1,0,0,0,0,0,0,0,0,1,0
87,2,6,3,7,16,1,1,1,1,0,0,1,0,0,0,1,1,1996,1,0,0,0,1,1,0,1,1,1,0,1,0,0,0,0,0,0,0,0,1
88,0,0,4,22,26,0,0,0,0,0,1,0,0,0,0,1,1,2001,0,0,0,1,0,1,0,1,0,0,1,1,0,0,0,0,0,0,0,0,1
89,0,0,0,1,1,0,0,0,0,0,0,0,0,1,0,1,1,2003,0,1,0,0,0,1,0,1,0,0,1,1,0,0,0,0,0,0,0,1,0
90,0,0,7,12,19,0,0,0,0,0,0,0,0,0,0,1,0,2001,0,0,0,0,1,1,0,1,1,0,0,0,0,0,0,0,0,0,0,0,1
91,0,0,0,0,0,0,0,0,0,0,0,0,0,0,1,1,0,2002,0,1,0,0,0,1,0,1,0,0,1,0,0,0,0,0,0,0,0,0,1
92,0,1,4,1,6,0,0,0,0,0,0,0,1,0,0,1,1,2002,0,0,1,0,1,1,0,1,0,0,1,1,0,0,0,0,0,0,0,0,1
93,0,0,0,9,9,0,0,0,0,0,0,0,0,1,0,1,0,2002,0,0,1,0,0,1,0,1,0,0,1,0,0,0,0,0,0,0,0,0,1
94,0,0,1,2,3,0,0,0,0,1,0,0,0,0,1,1,0,2003,0,0,0,1,1,1,0,1,1,1,0,0,0,0,0,0,0,0,0,1,0
95,1,1,2,4,7,1,1,1,1,0,0,0,0,1,0,1,1,1999,0,0,1,0,1,1,0,1,1,1,0,1,0,0,0,0,0,0,0,0,1
96,0,0,0,4,4,0,0,0,0,0,0,0,0,0,1,1,1,2000,0,0,0,0,0,1,0,1,0,0,1,1,0,0,0,0,0,0,0,0,1
97,2,5,5,0,10,1,1,1,1,0,1,0,0,0,0,1,0,2001,0,1,0,0,1,1,0,1,1,1,0,0,0,0,0,0,0,0,0,0,1
98,0,0,1,15,16,0,0,0,0,0,0,0,0,0,0,1,1,2002,0,0,0,0,0,1,0,1,0,0,1,1,0,0,0,0,0,0,0,0,1
99,1,1,6,8,15,0,0,0,0,0,1,0,0,0,0,1,1,2000,1,0,0,0,1,1,0,1,1,1,0,1,0,0,0,0,0,0,0,0,1
100,0,0,8,16,24,0,0,0,0,0,1,0,0,0,0,1,0,2002,0,1,0,0,0,1,0,1,0,0,1,0,0,0,0,0,0,0,0,0,1
101,0,0,0,15,15,0,0,0,0,0,0,0,0,1,0,0,1,2001,0,0,0,1,1,1,0,1,1,0,0,1,0,0,0,0,0,0,0,0,1
102,0,0,0,4,4,0,0,0,0,0,0,0,0,0,1,1,0,2000,0,0,0,1,0,1,0,1,0,0,1,0,0,0,0,0,0,0,0,0,1
103,0,1,6,5,12,0,0,0,0,0,0,0,0,0,1,0,1,2003,0,1,0,0,0,1,0,1,0,0,1,1,0,0,0,0,0,0,0,1,0
104,0,0,4,0,4,0,0,0,0,0,0,0,1,0,0,1,0,2002,0,1,0,0,0,1,0,1,0,0,1,0,0,0,0,0,0,0,0,0,1
105,0,0,2,5,7,0,0,0,1,0,0,0,0,0,0,1,1,2001,0,0,0,1,1,1,0,1,1,0,0,1,0,0,0,0,0,0,0,0,1
106,0,0,3,3,6,0,0,0,0,0,0,0,1,0,0,0,0,1999,1,0,0,0,0,1,0,1,0,0,1,0,0,0,0,0,0,0,0,0,1
107,0,0,0,3,3,0,0,0,0,1,0,0,0,0,0,1,0,1998,0,0,0,0,1,1,0,1,1,0,0,0,0,0,0,0,0,0,0,0,1
108,0,0,3,4,7,0,0,0,0,0,0,0,0,0,1,0,1,2003,0,0,0,1,1,1,0,1,1,0,0,1,0,0,0,0,0,0,0,1,0
109,0,0,2,0,2,0,0,0,0,0,0,0,0,1,0,1,1,2003,0,1,0,0,0,1,0,1,0,0,1,1,0,0,0,0,0,0,0,1,0
110,0,0,0,11,11,0,0,0,0,0,0,0,0,0,1,1,0,1999,0,0,0,1,0,1,0,1,0,0,1,0,0,0,0,0,0,0,0,0,1
111,0,0,0,18,18,0,0,0,0,0,0,0,0,0,1,0,0,1999,0,1,0,0,1,1,0,1,0,0,1,0,0,0,0,0,0,0,0,0,1
112,0,1,9,10,20,0,0,0,0,0,1,0,0,0,0,1,1,2000,0,1,0,0,1,1,0,1,1,1,0,1,0,0,0,0,0,0,0,0,1
113,0,0,4,16,20,0,0,0,0,0,0,0,0,0,1,1,1,2001,0,0,0,1,1,1,0,1,1,0,0,1,0,0,0,0,0,0,0,0,1
115,0,0,0,7,7,0,1,1,1,0,0,0,1,0,0,1,1,2001,0,0,1,0,1,1,0,1,1,1,0,1,0,0,0,0,0,0,0,0,1
116,6,3,6,1,10,1,1,1,1,0,0,0,0,0,1,0,1,2002,0,1,0,0,1,1,0,1,1,1,0,1,0,0,0,0,0,0,0,0,1
117,0,0,3,1,4,0,0,0,0,0,1,0,0,0,0,1,1,2002,0,1,0,0,0,1,0,1,1,1,0,1,0,0,0,0,0,0,0,0,1
118,1,0,5,2,7,0,0,1,1,0,0,0,0,1,0,1,1,2003,0,1,0,0,1,1,0,1,1,1,0,1,0,0,0,0,0,0,0,1,0
119,0,0,0,0,0,0,0,0,0,0,0,0,0,0,1,1,0,2001,0,0,0,0,0,1,0,1,0,0,1,0,0,0,0,0,0,0,0,0,1
120,0,0,7,2,9,0,0,0,1,0,0,0,0,0,0,1,1,1999,0,0,0,1,1,1,0,1,1,0,0,1,0,0,0,0,0,0,0,0,1
122,0,0,0,5,5,0,0,0,0,1,0,0,0,0,1,1,1,2000,0,0,0,0,1,1,0,1,1,0,0,1,0,0,0,0,0,0,0,0,1
123,0,0,3,3,6,0,0,0,0,0,1,0,0,0,0,1,0,1999,0,0,1,0,0,1,0,1,0,0,0,0,0,0,0,0,0,0,0,0,1
124,0,0,6,5,11,0,0,0,0,0,0,0,0,0,1,0,0,2001,0,0,1,0,0,1,0,1,0,0,1,0,0,0,0,0,0,0,0,0,1
126,1,1,1,4,6,0,0,0,0,1,0,0,0,0,0,1,0,2002,0,0,1,0,1,1,0,1,1,1,0,0,0,0,0,0,0,0,0,0,1
127,0,0,0,5,5,0,0,1,1,0,0,0,0,0,0,1,1,2003,0,0,0,0,1,1,0,1,1,1,0,1,0,0,0,0,0,0,0,1,0
128,1,0,3,9,12,0,0,0,0,0,0,0,0,0,1,1,1,2001,0,0,0,0,1,1,0,1,1,1,0,1,0,0,0,0,0,0,0,0,1
129,1,2,1,1,4,0,0,0,1,0,0,0,0,0,1,1,1,1999,0,1,0,0,1,1,0,1,1,1,0,1,0,0,0,0,0,0,0,0,1
130,1,0,6,4,10,0,0,0,1,0,0,0,0,0,0,1,0,2003,0,0,1,0,1,1,0,1,1,0,0,0,0,0,0,0,0,0,0,1,0
131,0,0,1,4,5,0,0,0,0,0,0,0,0,0,0,1,1,2000,0,1,0,0,0,1,0,1,0,0,1,1,0,0,0,0,0,0,0,0,1
132,0,0,5,11,16,1,1,1,1,0,0,0,1,0,0,1,1,1999,0,0,0,1,1,1,0,1,1,1,0,1,0,0,0,0,0,0,0,0,1
133,0,0,0,6,6,0,0,0,0,1,0,0,0,0,1,1,1,2002,0,0,0,1,1,1,0,1,1,0,0,1,0,0,0,0,0,0,0,0,1
134,0,0,0,1,1,0,0,1,1,0,0,0,0,0,1,1,0,2001,0,1,0,0,1,1,0,1,0,0,1,0,0,0,0,0,0,0,0,0,1
135,0,1,6,6,13,1,1,1,1,0,0,0,0,0,1,0,1,2001,0,1,0,0,1,1,0,1,1,1,0,1,0,0,0,0,0,0,0,0,1
136,0,0,0,4,4,0,0,0,1,0,0,0,1,0,0,1,0,2002,0,0,0,0,1,1,0,1,1,0,0,0,0,0,0,0,0,0,0,0,1
137,0,0,0,1,1,0,0,0,0,0,0,0,0,1,0,1,1,2001,0,1,0,0,0,1,0,1,0,0,1,1,0,0,0,0,0,0,0,0,1
138,0,0,1,2,3,0,0,0,0,1,0,0,0,0,1,1,1,1998,0,0,0,0,1,1,0,1,1,0,0,1,0,0,0,0,0,0,0,0,1
139,2,5,5,6,16,0,0,0,0,0,1,0,0,0,0,1,1,2003,0,0,1,0,1,1,0,1,1,0,0,1,0,0,0,0,0,0,0,1,0
141,0,0,0,5,5,0,0,0,0,1,0,0,0,0,1,1,1,2000,0,0,0,0,1,1,0,1,1,0,0,1,0,0,0,0,0,0,0,0,1
142,0,0,5,2,7,1,1,1,1,0,1,0,0,0,0,1,1,2002,0,1,0,0,1,1,0,1,1,1,0,1,0,0,0,0,0,0,0,0,1
143,0,2,0,3,5,0,0,1,1,0,0,0,0,0,0,1,1,2003,0,0,1,0,1,1,0,1,1,1,0,1,0,0,0,0,0,0,0,1,0
144,0,0,0,9,9,0,1,1,1,0,0,0,0,0,0,1,1,2002,0,0,1,0,1,1,0,1,1,1,0,1,0,0,0,0,0,0,0,0,1
145,0,0,6,2,8,1,1,1,1,0,0,0,1,0,0,1,0,2006,0,1,0,0,1,3,0,1,0,0,1,0,0,0,0,0,1,0,0,0,0
147,0,0,0,1,1,0,0,0,0,0,0,0,0,0,1,1,0,2004,0,0,0,1,0,2,1,1,0,0,1,0,0,0,0,0,0,0,1,0,0
148,3,3,7,2,12,1,1,1,1,0,0,1,0,0,0,1,1,2005,0,0,0,0,1,3,0,1,1,1,0,1,0,0,0,0,0,1,0,0,0
149,0,0,0,0,0,0,0,0,0,0,0,0,0,0,0,1,1,2007,0,1,0,0,0,3,0,1,0,0,1,1,0,0,0,1,0,0,0,0,0
150,1,3,4,0,7,1,1,1,1,0,1,0,0,0,0,1,1,2007,0,1,0,0,1,3,0,1,1,1,0,1,0,0,0,1,0,0,0,0,0
151,0,1,5,3,9,0,0,0,0,0,1,0,0,0,0,1,1,2005,0,1,0,0,0,3,0,1,0,0,1,1,0,0,0,0,0,1,0,0,0
152,0,0,2,0,2,0,0,0,0,0,0,0,1,0,0,1,0,2007,0,1,0,0,0,3,0,1,0,0,1,0,0,0,0,1,0,0,0,0,0
153,2,0,5,3,8,0,0,0,1,0,0,0,0,0,0,1,1,2005,0,0,1,0,1,3,0,1,1,0,0,1,0,0,0,0,0,1,0,0,0
154,0,1,1,5,7,0,0,0,1,0,0,0,0,0,0,1,1,2006,0,0,1,0,1,3,0,1,1,0,0,1,0,0,0,0,1,0,0,0,0
155,0,0,7,7,14,0,0,0,0,1,1,0,0,0,0,0,0,2006,0,0,1,0,1,3,0,1,1,0,0,0,0,0,0,0,1,0,0,0,0
156,0,0,3,4,7,0,0,0,1,0,0,0,0,0,0,1,0,2005,0,0,0,0,1,2,1,1,1,0,0,0,0,0,0,0,0,1,0,0,0
157,1,0,6,2,8,0,0,0,0,1,0,0,0,0,0,1,1,2002,0,0,1,0,1,3,0,1,1,0,0,1,0,0,0,0,0,0,0,0,1
158,0,0,1,10,11,0,0,0,1,0,0,0,1,0,0,1,1,2004,0,0,0,1,1,3,0,1,1,0,0,1,0,0,0,0,0,0,1,0,0
159,0,1,3,1,5,0,1,1,1,0,0,1,0,0,0,1,1,2006,0,0,0,1,1,3,0,1,1,1,0,1,0,0,0,0,1,0,0,0,0
161,0,1,5,2,8,0,0,0,0,0,1,0,0,0,0,1,1,2006,0,1,0,0,0,3,0,1,1,1,0,1,0,0,0,0,1,0,0,0,0
162,0,0,0,6,6,0,0,0,0,1,0,0,0,0,1,1,1,2006,0,0,0,0,1,3,0,1,1,0,0,1,0,0,0,0,1,0,0,0,0
163,0,0,3,0,3,0,1,1,1,0,0,1,0,0,0,1,1,2002,0,0,0,1,1,3,0,1,1,0,0,1,0,0,0,0,0,0,0,0,1
164,0,0,1,3,4,0,0,0,0,0,0,0,0,0,1,0,0,2006,0,0,1,0,0,3,0,1,0,0,1,0,0,0,0,0,1,0,0,0,0
165,0,0,1,0,1,0,0,0,0,0,0,0,0,1,0,1,1,2006,0,1,0,0,0,3,0,1,0,0,1,1,0,0,0,0,1,0,0,0,0
167,3,0,4,5,9,0,1,1,1,0,0,0,0,1,0,1,1,2001,0,1,0,0,1,3,0,1,1,1,0,1,0,0,0,0,0,0,0,0,1
168,0,0,2,3,5,0,0,1,1,0,0,0,0,1,0,1,1,2006,0,0,1,0,1,3,0,1,1,1,0,1,0,0,0,0,1,0,0,0,0
169,0,0,0,4,4,0,0,0,0,0,0,0,0,0,1,1,1,2006,0,0,1,0,1,3,0,1,1,0,0,1,0,0,0,0,1,0,0,0,0
170,0,0,0,6,6,0,0,0,0,1,0,0,0,0,1,1,1,2007,0,0,0,0,1,3,0,1,1,0,0,1,0,0,0,1,0,0,0,0,0
171,0,0,0,2,2,0,0,0,0,0,0,0,0,0,1,0,1,2007,0,1,0,0,0,3,0,1,0,0,1,1,0,0,0,1,0,0,0,0,0
172,0,0,2,4,6,0,0,0,1,0,0,0,0,0,0,1,0,2006,0,0,0,1,1,3,0,1,1,0,0,0,0,0,0,0,1,0,0,0,0
173,0,0,1,4,5,0,0,0,0,0,0,0,0,0,1,1,0,2007,0,0,0,1,0,3,0,1,0,0,1,0,0,0,0,1,0,0,0,0,0
174,0,0,0,5,5,0,0,0,0,0,0,0,0,0,1,1,1,2006,0,1,0,0,0,3,0,1,0,0,1,1,0,0,0,0,1,0,0,0,0
175,1,0,2,6,8,0,0,1,1,0,0,0,0,0,1,0,0,2005,0,1,0,0,1,3,0,1,1,1,0,0,0,0,0,0,0,1,0,0,0
176,0,0,3,7,10,0,0,0,0,0,0,0,0,0,0,1,1,2005,0,0,0,0,0,3,0,1,1,0,0,1,0,0,0,0,0,1,0,0,0
177,0,0,3,7,10,0,0,0,0,0,0,0,0,1,0,1,0,2005,0,0,1,0,0,2,1,1,1,1,0,0,0,0,0,0,0,1,0,0,0
178,0,1,2,2,5,0,0,0,0,0,0,0,0,0,0,1,1,2005,0,1,0,0,0,3,0,1,1,0,0,1,0,0,0,0,0,1,0,0,0
179,0,0,1,6,7,0,0,0,0,0,0,0,0,0,1,1,0,2007,0,0,0,0,1,3,0,1,1,0,0,0,0,0,0,1,0,0,0,0,0
180,0,0,2,3,5,0,0,0,0,0,0,0,1,0,0,1,1,2007,0,1,0,0,0,3,0,1,0,0,1,1,0,0,0,1,0,0,0,0,0
182,0,0,1,5,6,0,0,0,0,1,0,0,0,0,1,1,1,2003,0,0,0,0,1,2,1,1,0,0,1,0,0,0,0,0,0,0,0,1,0
183,0,0,4,3,7,0,0,0,0,0,1,0,0,0,0,1,1,2007,1,0,0,0,0,3,0,1,1,1,0,1,0,0,0,1,0,0,0,0,0
184,0,0,3,2,5,0,0,0,0,0,0,0,0,1,0,1,1,2005,0,0,1,0,0,3,0,1,0,0,1,1,0,0,0,0,0,1,0,0,0
185,0,0,5,5,10,0,0,0,0,0,0,0,0,1,0,1,1,2007,0,0,0,1,0,3,0,1,1,0,0,1,0,0,0,1,0,0,0,0,0
186,0,0,1,3,4,0,0,0,0,1,0,0,0,0,0,1,1,2007,0,0,0,0,1,3,0,1,1,0,0,1,0,0,0,1,0,0,0,0,0
187,0,0,2,3,5,0,0,0,0,0,0,0,1,0,0,1,1,2005,0,0,1,0,0,2,1,1,0,0,1,0,0,0,0,0,0,1,0,0,0
188,0,0,3,9,12,0,0,0,0,1,0,0,0,0,1,1,0,2005,0,0,0,1,1,3,0,1,1,0,0,0,0,0,0,0,0,1,0,0,0
189,0,0,2,8,10,1,1,1,1,0,0,1,0,0,0,1,1,2007,0,0,0,1,1,3,0,1,1,0,0,1,0,0,0,1,0,0,0,0,0
191,0,0,0,6,6,0,0,0,0,1,0,0,0,0,1,1,1,2007,0,0,0,1,1,3,0,1,1,0,0,1,0,0,0,1,0,0,0,0,0
192,0,0,0,4,4,0,0,0,0,0,0,0,0,0,1,1,0,2003,0,0,0,1,1,2,1,1,1,0,0,0,0,0,0,0,0,0,0,1,0
193,0,0,0,5,5,0,0,0,0,1,0,0,0,0,1,1,0,2007,0,1,0,0,1,3,0,1,1,0,0,0,0,0,0,1,0,0,0,0,0
195,0,0,4,4,8,0,0,0,0,0,0,0,0,0,1,1,1,2007,0,0,1,0,1,3,0,1,1,0,0,1,0,0,0,1,0,0,0,0,0
196,0,1,6,3,10,0,1,1,1,0,0,0,0,0,0,1,1,2005,0,0,0,0,1,3,0,1,1,1,0,1,0,0,0,0,0,1,0,0,0
197,0,0,1,11,12,0,0,0,0,1,0,0,0,0,0,1,1,2004,0,0,0,0,1,3,0,1,1,0,0,1,0,0,0,0,0,0,1,0,0
198,2,2,4,2,8,0,0,1,1,0,0,1,0,0,0,1,0,2004,0,1,0,0,1,3,0,1,1,1,0,0,0,0,0,0,0,0,1,0,0
199,1,2,3,0,5,0,0,0,0,0,0,0,1,0,0,1,1,2007,0,1,0,0,0,3,0,1,0,0,1,1,0,0,0,1,0,0,0,0,0
200,1,0,1,5,6,0,1,1,1,0,0,0,0,1,0,1,1,2004,0,0,0,1,1,3,0,1,0,0,0,1,0,0,0,0,0,0,1,0,0
201,0,0,1,5,6,0,0,0,0,0,0,0,0,0,0,1,1,2001,0,0,0,0,0,3,0,1,0,0,1,1,0,0,0,0,0,0,0,0,1
202,0,0,0,5,5,0,0,0,0,0,0,0,0,0,0,1,1,2006,0,0,0,0,0,3,0,1,1,0,0,1,0,0,0,0,1,0,0,0,0
203,0,0,0,7,7,0,0,0,0,0,0,0,0,0,0,1,1,2006,0,0,0,1,0,3,0,1,0,0,1,1,0,0,0,0,1,0,0,0,0
205,0,0,1,4,5,0,0,0,1,0,0,0,0,0,0,1,1,2005,0,0,0,1,1,2,1,1,1,0,0,0,0,0,0,0,0,1,0,0,0
206,0,0,3,2,5,0,0,1,1,0,0,0,0,1,0,1,0,2007,0,1,0,0,1,3,0,1,1,1,0,0,0,0,0,1,0,0,0,0,0
207,0,0,0,9,9,0,0,0,0,0,0,0,0,0,1,1,0,2007,0,0,1,0,0,3,0,1,0,0,1,0,0,0,0,1,0,0,0,0,0
208,0,0,1,24,25,0,0,0,1,0,0,0,0,0,0,1,1,2007,0,1,0,0,1,3,0,1,1,0,0,1,0,0,0,1,0,0,0,0,0
209,0,2,2,1,5,0,0,0,0,0,0,1,0,0,0,1,1,2006,0,1,0,0,0,3,0,1,0,0,1,1,0,0,0,0,1,0,0,0,0
210,0,0,0,9,9,0,0,0,0,1,0,0,0,0,1,1,0,2003,0,0,0,0,1,3,0,1,1,0,0,0,0,0,0,0,0,0,0,1,0
211,0,0,1,0,1,0,0,0,0,1,0,0,0,0,0,1,0,2006,0,0,0,1,1,3,0,1,1,0,0,0,0,0,0,0,1,0,0,0,0
212,0,1,3,2,6,0,1,1,1,0,0,0,1,0,0,1,1,2005,0,0,1,0,1,3,0,1,1,1,0,1,0,0,0,0,0,1,0,0,0
213,0,0,0,2,2,0,0,0,0,0,0,0,0,0,1,1,1,2006,0,0,0,1,0,3,0,1,1,0,0,1,0,0,0,0,1,0,0,0,0
214,0,0,1,5,6,0,1,1,1,0,1,0,0,0,0,1,1,2001,0,1,0,0,1,3,0,1,1,1,0,1,0,0,0,0,0,0,0,0,1
215,0,0,0,1,1,0,0,0,0,0,0,0,1,0,0,1,1,2005,0,1,0,0,0,2,1,1,0,0,1,0,0,0,0,0,0,1,0,0,0
216,0,1,3,1,5,0,0,0,1,0,1,0,0,0,0,1,0,2005,0,1,0,0,1,3,0,1,1,0,0,0,0,0,0,0,0,1,0,0,0
219,0,0,1,6,7,0,0,0,1,0,0,0,0,0,0,1,0,2001,0,0,0,1,1,1,1,1,1,0,0,0,0,0,0,0,0,0,0,0,1
220,0,0,7,5,12,0,0,0,1,0,0,0,0,0,0,1,1,2007,0,1,0,0,1,3,1,1,1,0,0,0,0,0,0,1,0,0,0,0,0
221,0,0,1,6,7,0,0,0,0,0,0,0,0,0,0,1,1,2008,0,0,1,0,0,4,0,1,0,0,1,1,0,0,1,0,0,0,0,0,0
222,0,0,1,1,2,0,0,0,0,0,0,0,0,1,0,1,1,2008,0,0,0,1,0,4,0,1,1,0,0,1,0,0,1,0,0,0,0,0,0
223,0,0,0,5,5,0,0,0,0,0,0,0,0,0,1,1,1,2006,0,0,0,0,0,4,0,1,0,0,1,1,0,0,0,0,1,0,0,0,0
224,0,0,2,10,12,0,0,0,0,0,1,0,0,0,0,1,1,2003,0,1,0,0,0,2,1,1,0,0,1,0,0,0,0,0,0,0,0,1,0
225,0,0,2,5,7,0,0,0,0,1,0,0,0,0,1,1,0,2009,0,0,0,1,1,4,0,1,1,0,0,0,0,1,0,0,0,0,0,0,0
226,0,0,1,7,8,0,0,0,0,0,0,0,0,0,1,1,1,2005,0,0,1,0,1,4,0,1,1,0,0,1,0,0,0,0,0,1,0,0,0
227,1,0,2,6,8,0,0,0,0,0,0,0,0,1,0,1,1,2004,0,0,0,1,0,4,0,1,0,0,1,1,0,0,0,0,0,0,1,0,0
228,0,0,1,0,1,0,0,0,0,0,0,0,0,0,1,1,1,2005,0,1,0,0,0,4,0,1,0,0,1,1,0,0,0,0,0,1,0,0,0
229,1,0,5,7,12,0,0,1,1,0,1,0,0,0,0,1,0,2002,0,1,0,0,1,1,1,1,1,1,0,0,0,0,0,0,0,0,0,0,1
231,0,0,1,8,9,0,0,0,0,1,0,0,0,0,0,1,1,2005,0,0,0,0,1,4,0,1,1,0,0,1,0,0,0,0,0,1,0,0,0
232,0,1,1,7,9,1,1,1,1,0,0,0,1,0,0,1,1,2007,0,0,0,0,1,4,0,1,1,1,0,1,0,0,0,1,0,0,0,0,0
233,0,0,1,5,6,0,0,1,1,0,0,0,0,1,0,1,0,2007,0,0,0,1,1,4,0,1,1,1,0,0,0,0,0,1,0,0,0,0,0
234,0,1,0,3,4,0,0,0,0,1,0,0,0,0,1,1,1,2005,0,0,0,1,1,2,1,1,1,0,0,0,0,0,0,0,0,1,0,0,0
235,0,0,2,19,21,0,0,0,0,1,0,0,0,0,1,0,1,2005,0,0,0,0,1,4,0,1,1,0,0,1,0,0,0,0,0,1,0,0,0
236,0,0,0,6,6,0,0,1,1,0,0,0,0,0,0,1,0,2008,0,0,0,0,1,4,0,1,1,1,0,0,0,0,1,0,0,0,0,0,0
237,0,1,2,0,3,1,1,1,1,0,1,0,0,0,0,1,1,2008,0,1,0,0,1,4,0,1,1,1,0,1,0,0,1,0,0,0,0,0,0
238,0,0,1,15,16,0,0,0,0,0,0,1,0,0,0,0,1,2007,0,0,0,1,0,4,0,1,0,0,1,1,0,0,0,1,0,0,0,0,0
240,0,0,0,3,3,0,0,0,0,0,0,0,0,0,1,0,0,2007,0,0,1,0,0,4,0,1,0,0,1,0,0,0,0,1,0,0,0,0,0
241,0,0,1,3,4,0,0,0,0,0,0,0,0,1,0,1,1,2008,0,0,0,1,0,4,0,1,1,1,0,1,0,0,1,0,0,0,0,0,0
243,0,0,4,2,6,0,0,1,1,0,0,0,0,1,0,1,1,2009,0,0,0,1,1,4,0,1,1,1,0,1,0,1,0,0,0,0,0,0,0
244,4,0,0,9,9,0,0,0,0,0,0,1,0,0,0,1,1,2007,0,0,0,1,0,4,0,1,1,1,0,1,0,0,0,1,0,0,0,0,0
246,0,1,2,2,5,0,0,0,0,0,0,0,0,1,0,1,1,2006,0,0,1,0,0,4,0,1,1,0,0,1,0,0,0,0,1,0,0,0,0
247,2,2,2,2,6,0,0,0,0,1,0,0,0,0,1,1,0,2006,0,0,1,0,1,3,1,1,1,0,0,0,0,0,0,0,1,0,0,0,0
248,0,0,0,5,5,0,0,0,1,0,0,0,0,0,0,1,1,2007,1,0,0,0,1,4,0,1,1,0,0,1,0,0,0,1,0,0,0,0,0
249,0,0,2,1,3,0,0,0,0,1,0,1,0,0,0,1,0,2007,0,1,0,0,1,4,0,1,1,0,0,0,0,0,0,1,0,0,0,0,0
250,0,1,3,0,4,0,0,0,0,0,0,0,0,0,0,1,1,2009,0,0,0,0,0,4,0,1,1,1,0,1,0,1,0,0,0,0,0,0,0
251,0,0,3,3,6,0,0,0,1,0,0,0,0,0,0,1,0,2008,0,1,0,0,1,4,0,1,1,0,0,0,0,0,1,0,0,0,0,0,0
252,0,0,1,1,2,0,0,0,0,1,0,0,0,0,1,1,1,2000,0,0,0,0,1,1,1,1,1,0,0,0,0,0,0,0,0,0,0,0,1
253,0,0,0,3,3,0,0,0,0,1,0,0,0,0,1,1,0,2007,0,0,1,0,1,4,0,1,1,0,0,0,0,0,0,1,0,0,0,0,0
254,0,0,4,7,11,1,1,1,1,0,0,0,1,0,0,1,1,2007,0,1,0,0,1,4,0,1,1,1,0,1,0,0,0,1,0,0,0,0,0
255,0,0,6,5,11,0,0,0,1,0,0,0,0,0,1,1,0,2008,0,0,0,1,1,4,0,1,1,0,0,0,0,0,1,0,0,0,0,0,0
256,0,0,2,2,4,0,0,0,0,0,0,0,0,0,0,1,0,2008,0,0,0,0,0,4,0,1,1,0,0,0,0,0,1,0,0,0,0,0,0
257,0,0,0,1,1,0,0,0,0,0,0,0,0,0,1,1,0,2007,0,0,0,1,0,4,0,1,0,0,1,0,0,0,0,1,0,0,0,0,0
258,2,0,8,6,14,0,0,0,1,0,0,0,0,0,0,1,1,2008,0,0,0,1,1,4,0,1,1,0,0,1,0,0,1,0,0,0,0,0,0
259,0,0,0,7,7,0,0,0,0,1,0,0,0,0,1,1,1,2006,0,0,1,0,1,3,1,1,1,0,0,0,0,0,0,0,1,0,0,0,0
260,0,0,4,1,5,0,0,0,0,0,0,0,0,0,0,1,1,2007,0,0,1,0,0,3,1,1,1,0,0,0,0,0,0,1,0,0,0,0,0
261,0,0,0,4,4,0,0,0,0,1,0,1,0,0,0,1,0,2004,0,0,0,1,1,4,0,1,1,0,0,0,0,0,0,0,0,0,1,0,0
262,0,0,0,5,5,0,0,0,0,0,0,0,0,0,1,1,1,2008,0,1,0,0,0,4,0,1,1,0,0,1,0,0,1,0,0,0,0,0,0
263,1,0,0,3,3,0,0,0,1,0,0,0,0,0,0,1,1,2007,0,0,0,0,1,4,0,1,1,0,0,1,0,0,0,1,0,0,0,0,0
264,0,1,3,7,11,1,1,1,1,0,0,0,0,0,0,1,1,2006,0,1,0,0,1,4,0,1,1,1,0,1,0,0,0,0,1,0,0,0,0
266,0,0,0,3,3,0,0,0,0,0,0,0,0,0,0,1,1,2007,0,1,0,0,0,4,0,1,1,0,0,1,0,0,0,1,0,0,0,0,0
267,0,0,0,2,2,0,0,0,0,0,0,0,0,0,1,0,0,2008,0,0,1,0,0,4,0,1,0,0,1,0,0,0,1,0,0,0,0,0,0
268,0,0,5,3,8,0,0,0,0,0,0,1,0,0,0,1,1,2007,0,1,0,0,0,4,0,1,1,1,0,1,0,0,0,1,0,0,0,0,0
269,0,1,3,1,5,0,0,0,0,1,0,0,0,0,0,1,1,2008,1,0,0,0,1,4,0,1,1,0,0,1,0,0,1,0,0,0,0,0,0
270,1,0,8,1,9,0,0,0,0,1,0,0,0,0,1,1,0,2009,0,1,0,0,1,4,0,1,1,0,0,0,0,1,0,0,0,0,0,0,0
271,0,0,0,17,17,0,0,0,0,0,0,1,0,0,0,1,1,2008,0,1,0,0,0,4,0,1,0,0,1,1,0,0,1,0,0,0,0,0,0
272,0,2,4,1,7,0,0,0,0,0,1,0,0,0,0,1,1,2008,0,1,0,0,0,4,0,1,1,1,0,1,0,0,1,0,0,0,0,0,0
273,0,1,4,6,11,0,0,0,0,0,0,0,0,0,1,1,1,2007,0,0,1,0,0,4,0,1,1,0,0,1,0,0,0,1,0,0,0,0,0
274,0,0,0,5,5,0,0,0,0,0,0,0,0,0,1,1,0,2009,1,0,0,0,0,4,0,1,1,0,0,0,0,1,0,0,0,0,0,0,0
275,0,0,0,2,2,0,0,0,0,0,0,0,0,0,1,1,1,2011,0,0,1,0,0,5,0,1,0,0,1,1,0,0,0,0,0,0,0,0,0
277,0,0,5,0,5,0,0,0,1,0,0,0,0,0,0,1,1,2010,0,0,0,0,1,5,0,1,1,0,0,1,1,0,0,0,0,0,0,0,0
279,0,0,1,1,2,0,0,0,0,0,0,0,0,1,0,1,1,2009,0,0,0,1,0,5,0,1,1,1,0,1,0,1,0,0,0,0,0,0,0
280,0,0,3,5,8,0,0,0,0,0,0,0,0,0,1,0,0,2010,0,0,0,1,0,5,0,1,1,1,0,0,1,0,0,0,0,0,0,0,0
281,0,0,0,2,2,0,0,0,0,0,0,0,0,0,0,1,0,2010,0,0,0,1,0,5,0,1,0,0,1,0,1,0,0,0,0,0,0,0,0
283,0,0,2,3,5,0,0,0,0,0,0,0,0,0,1,1,1,2009,1,0,0,0,1,5,0,1,1,0,0,1,0,1,0,0,0,0,0,0,0
284,0,0,0,1,1,0,0,0,0,0,0,0,0,0,1,0,0,2011,0,0,1,0,0,5,0,1,0,0,0,0,0,0,0,0,0,0,0,0,0
286,0,0,2,5,7,0,0,0,1,0,0,0,0,0,0,1,0,2008,0,0,0,0,1,5,0,1,1,0,0,0,0,0,1,0,0,0,0,0,0
287,0,0,1,0,1,0,0,0,0,0,0,0,0,0,1,0,1,2011,0,0,1,0,0,5,0,1,0,0,1,1,0,0,0,0,0,0,0,0,0
288,0,0,3,1,4,0,0,0,0,0,0,0,0,0,1,0,0,2007,0,0,1,0,0,5,0,1,0,0,1,0,0,0,0,1,0,0,0,0,0
289,0,2,6,2,10,0,0,0,0,0,1,0,0,0,0,1,1,2007,0,1,0,0,1,5,0,1,1,1,0,1,0,0,0,1,0,0,0,0,0
290,0,0,3,4,7,0,0,0,0,1,0,0,0,0,1,1,1,2006,0,0,0,1,1,5,0,1,1,0,0,1,0,0,0,0,1,0,0,0,0
291,0,1,0,0,1,0,0,0,0,0,0,0,0,0,0,1,0,2011,0,0,1,0,0,5,0,1,1,0,0,0,0,0,0,0,0,0,0,0,0
292,0,0,3,8,11,0,0,0,0,1,0,0,0,0,1,1,0,2008,0,0,0,1,1,5,0,1,1,0,0,0,0,0,1,0,0,0,0,0,0
293,0,0,5,5,10,0,0,1,1,0,0,0,0,1,0,1,1,2008,0,0,1,0,1,5,0,1,1,1,0,1,0,0,1,0,0,0,0,0,0
294,0,0,2,2,4,0,0,0,0,0,0,0,0,0,0,1,1,2010,0,0,1,0,0,5,0,1,1,0,0,1,1,0,0,0,0,0,0,0,0
295,0,0,3,9,12,0,0,0,0,0,0,0,0,0,0,1,0,2010,0,0,0,1,0,5,0,1,1,1,0,0,1,0,0,0,0,0,0,0,0
296,0,0,5,5,10,0,0,0,0,0,0,1,0,0,0,1,1,2011,0,0,0,0,0,5,0,1,1,0,0,1,0,0,0,0,0,0,0,0,0
297,0,0,0,5,5,0,0,0,0,0,0,0,0,0,1,1,0,2011,0,0,1,0,0,5,0,1,1,0,0,0,0,0,0,0,0,0,0,0,0
298,0,0,0,7,7,0,0,0,0,0,0,0,0,1,0,1,0,2009,0,1,0,0,0,5,0,1,1,0,0,0,0,1,0,0,0,0,0,0,0
300,0,0,2,1,3,0,0,0,0,0,0,0,0,1,0,1,0,2009,0,0,1,0,0,5,0,1,0,0,1,0,0,1,0,0,0,0,0,0,0
301,1,1,7,9,17,0,1,1,1,0,0,1,0,0,0,1,1,2006,0,1,0,0,1,5,0,1,1,1,0,1,0,0,0,0,1,0,0,0,0
302,0,0,2,2,4,0,0,0,0,1,0,0,0,0,1,1,1,2008,0,0,0,1,1,5,0,1,1,0,0,1,0,0,1,0,0,0,0,0,0
303,0,0,1,6,7,0,0,0,0,0,0,0,0,0,1,1,0,2011,1,0,0,0,0,5,0,1,1,0,0,0,0,0,0,0,0,0,0,0,0
304,1,1,4,2,7,0,0,0,0,0,0,0,1,0,0,1,1,2011,0,0,1,0,0,5,0,1,0,0,1,1,0,0,0,0,0,0,0,0,0
305,0,1,1,1,3,0,0,0,0,0,1,0,0,0,0,1,0,2010,0,1,0,0,0,5,0,1,1,0,0,0,1,0,0,0,0,0,0,0,0
307,2,0,7,0,7,0,0,0,1,0,0,0,0,0,0,1,1,2005,0,1,0,0,1,5,0,1,1,0,0,1,0,0,0,0,0,1,0,0,0
308,0,0,4,2,6,0,0,1,1,0,0,0,0,1,0,1,0,2009,0,0,1,0,1,5,0,1,1,1,0,0,0,1,0,0,0,0,0,0,0
309,0,0,2,0,2,0,0,0,0,0,1,0,0,0,0,1,0,2009,0,1,0,0,0,4,1,1,1,0,0,0,0,1,0,0,0,0,0,0,0
310,0,0,1,5,6,0,0,0,1,0,0,0,0,0,0,1,0,2007,0,0,0,0,1,5,0,1,1,0,0,0,0,0,0,1,0,0,0,0,0
311,0,0,3,1,4,0,1,1,1,0,0,0,0,1,0,1,1,2008,0,0,0,1,1,5,0,1,1,1,0,1,0,0,1,0,0,0,0,0,0
312,0,0,0,6,6,0,0,0,0,0,0,0,0,0,0,1,1,2011,0,0,0,0,0,5,0,1,1,0,0,1,0,0,0,0,0,0,0,0,0
313,1,0,10,19,29,0,0,0,0,0,1,0,0,0,0,1,0,2006,0,0,0,0,1,5,0,1,1,0,0,0,0,0,0,0,1,0,0,0,0
314,0,0,2,14,16,0,0,0,0,0,1,0,0,0,0,1,1,2009,0,0,0,1,0,5,0,1,1,1,0,1,0,1,0,0,0,0,0,0,0
315,0,0,3,1,4,0,0,0,0,0,1,0,0,0,0,1,0,2010,0,1,0,0,0,5,0,1,1,1,0,0,1,0,0,0,0,0,0,0,0
316,0,0,0,3,3,0,0,0,0,0,0,0,0,0,0,1,1,2011,0,0,0,1,0,5,0,1,1,0,0,1,0,0,0,0,0,0,0,0,0
317,1,0,2,6,8,0,0,0,0,0,0,0,0,1,0,1,0,2010,0,0,0,1,0,5,0,1,1,1,0,0,1,0,0,0,0,0,0,0,0
318,0,0,3,7,10,0,0,0,0,0,0,0,0,0,1,1,1,2009,1,0,0,0,0,5,0,1,1,1,0,1,0,1,0,0,0,0,0,0,0
319,0,0,4,19,23,0,1,1,1,0,1,0,0,0,0,1,0,2010,0,0,0,0,1,5,0,1,1,1,0,0,1,0,0,0,0,0,0,0,0
321,0,1,1,2,4,0,0,0,0,0,0,0,1,0,0,1,1,2011,0,1,0,0,0,5,0,1,1,1,0,1,0,0,0,0,0,0,0,0,0
322,0,2,2,4,8,1,1,1,1,0,0,0,1,0,0,1,1,2007,1,0,0,0,1,5,0,1,1,0,0,1,0,0,0,1,0,0,0,0,0
323,0,0,0,0,0,0,0,0,0,0,0,1,0,0,0,1,0,2010,1,0,0,0,0,5,0,1,1,0,0,0,1,0,0,0,0,0,0,0,0
325,2,0,7,2,9,0,0,0,0,0,0,0,0,0,1,1,1,2005,0,1,0,0,0,5,0,1,0,0,1,1,0,0,0,0,0,1,0,0,0
327,1,0,0,4,4,0,0,0,1,0,0,0,0,0,0,1,1,2008,0,0,1,0,1,4,1,1,1,0,0,0,0,0,1,0,0,0,0,0,0
328,0,0,2,0,2,0,0,0,0,0,0,0,0,0,1,1,0,2010,0,0,1,0,0,5,0,1,1,0,0,0,1,0,0,0,0,0,0,0,0
329,0,0,1,2,3,0,0,0,0,0,1,0,0,0,0,1,1,2008,0,1,0,0,0,5,0,1,0,0,0,1,0,0,1,0,0,0,0,0,0
330,0,0,3,0,3,0,0,0,0,0,0,0,0,1,0,1,0,2009,0,0,0,1,0,5,0,1,0,0,0,0,0,1,0,0,0,0,0,0,0
331,0,0,1,3,4,0,0,0,0,0,0,0,0,0,1,0,0,2008,0,1,0,0,0,5,0,1,1,0,0,0,0,0,1,0,0,0,0,0,0
332,0,0,2,1,3,0,0,0,0,0,0,0,0,0,1,0,0,2010,0,1,0,0,0,5,0,1,1,0,0,0,1,0,0,0,0,0,0,0,0
333,1,2,0,5,7,0,0,0,0,0,0,0,1,0,0,1,1,2006,0,1,0,0,0,5,0,1,0,0,1,1,0,0,0,0,1,0,0,0,0
334,0,0,0,0,0,0,0,0,0,0,0,0,0,0,1,0,1,2010,0,0,1,0,0,5,0,1,0,0,1,1,1,0,0,0,0,0,0,0,0
335,1,5,3,1,9,0,0,0,0,0,1,0,0,0,0,1,0,2011,0,1,0,0,1,5,0,1,1,1,0,0,0,0,0,0,0,0,0,0,0
336,0,0,4,5,9,0,0,0,0,0,0,0,0,0,0,1,1,2010,0,1,0,0,0,5,0,1,1,0,0,1,1,0,0,0,0,0,0,0,0
337,1,0,2,4,6,0,0,0,0,1,0,1,0,0,0,1,0,2005,1,0,0,0,1,5,0,1,1,0,0,0,0,0,0,0,0,1,0,0,0
339,0,0,3,2,5,0,0,0,0,0,0,0,0,0,1,1,1,2011,0,0,0,1,0,5,0,1,1,0,0,1,0,0,0,0,0,0,0,0,0
341,0,0,2,3,5,0,0,0,0,0,0,0,0,0,1,0,0,2011,0,0,0,0,0,5,0,1,0,0,0,0,0,0,0,0,0,0,0,0,0
342,0,0,3,4,7,0,0,0,0,1,0,0,0,0,1,1,1,2007,0,0,0,1,1,4,1,1,1,0,0,0,0,0,0,1,0,0,0,0,0
343,0,0,0,5,5,0,0,0,0,0,0,0,1,0,0,1,0,2009,1,0,0,0,0,5,0,1,0,0,1,0,0,1,0,0,0,0,0,0,0
344,0,0,2,4,6,0,0,0,0,0,0,0,0,0,0,1,1,2007,1,0,0,0,0,5,0,1,0,0,1,1,0,0,0,1,0,0,0,0,0
345,0,0,6,3,9,0,0,0,1,0,0,0,0,0,1,1,1,2009,0,0,0,0,1,5,0,1,1,0,0,1,0,1,0,0,0,0,0,0,0
347,0,0,2,9,11,0,0,0,0,0,0,1,0,0,0,1,0,2008,0,1,0,0,0,5,0,1,1,0,0,0,0,0,1,0,0,0,0,0,0
348,0,0,2,1,3,0,0,0,0,1,0,1,0,0,0,1,1,2009,0,0,0,1,1,5,0,1,1,0,0,1,0,1,0,0,0,0,0,0,0
349,0,0,1,0,1,0,0,0,0,0,1,0,0,0,0,1,0,2010,1,0,0,0,0,5,0,1,1,0,0,0,1,0,0,0,0,0,0,0,0
350,0,0,6,5,11,0,0,0,0,1,0,0,0,0,1,1,0,2009,0,0,0,1,1,5,0,1,1,0,0,0,0,1,0,0,0,0,0,0,0
351,1,0,5,4,9,0,0,0,0,0,0,0,0,1,0,0,1,2008,0,0,1,0,0,5,0,1,1,1,0,1,0,0,1,0,0,0,0,0,0
352,0,0,0,1,1,0,0,0,0,0,0,0,0,0,1,1,0,2011,0,1,0,0,0,5,0,1,1,0,0,0,0,0,0,0,0,0,0,0,0
353,2,0,3,6,9,0,0,0,0,0,0,0,0,0,1,0,1,2011,0,0,0,1,0,5,0,1,1,1,0,1,0,0,0,0,0,0,0,0,0
354,0,0,0,4,4,0,0,0,0,0,0,0,0,0,1,1,0,2010,0,0,0,1,0,5,0,1,1,0,0,0,1,0,0,0,0,0,0,0,0
355,2,3,6,1,10,1,1,1,1,0,0,0,0,0,1,0,1,2008,0,1,0,0,1,4,1,1,1,1,0,0,0,0,1,0,0,0,0,0,0
356,5,0,1,6,7,0,0,0,0,0,0,0,0,0,1,1,1,2009,0,0,0,0,0,5,0,1,0,0,0,1,0,1,0,0,0,0,0,0,0
358,0,0,0,6,6,0,0,0,0,1,0,0,0,0,1,1,0,2009,0,0,0,0,1,5,0,1,1,0,0,0,0,1,0,0,0,0,0,0,0
359,0,0,0,1,1,0,0,0,0,0,0,0,0,0,1,1,1,2009,0,0,1,0,0,5,0,1,1,0,0,1,0,1,0,0,0,0,0,0,0
360,0,0,0,7,7,0,0,0,0,0,0,0,0,0,1,1,0,2011,0,0,0,0,0,5,0,1,1,0,0,0,0,0,0,0,0,0,0,0,0
361,0,1,2,2,5,0,0,0,0,0,0,1,0,0,0,1,0,2008,0,1,0,0,0,5,0,1,0,0,1,0,0,0,1,0,0,0,0,0,0
362,0,0,1,4,5,0,0,0,0,0,0,0,0,0,1,1,1,2010,0,0,1,0,0,5,0,1,1,0,0,1,1,0,0,0,0,0,0,0,0
365,0,1,3,2,6,0,0,0,0,0,0,0,0,1,0,1,1,2009,0,1,0,0,0,5,0,1,0,0,1,1,0,1,0,0,0,0,0,0,0
366,0,0,0,5,5,0,0,0,0,0,0,0,0,0,0,1,0,2010,0,0,1,0,0,5,0,1,1,0,0,0,1,0,0,0,0,0,0,0,0
367,0,0,6,13,19,0,0,0,0,0,0,0,0,0,1,0,0,2005,1,0,0,0,1,5,0,1,1,0,0,0,0,0,0,0,0,1,0,0,0
368,0,1,9,4,14,0,0,0,0,0,1,0,0,0,0,1,1,2007,0,1,0,0,0,5,0,1,0,0,1,1,0,0,0,1,0,0,0,0,0
372,0,0,3,25,28,0,0,0,0,1,1,0,0,0,0,1,1,2008,0,0,0,1,1,6,0,1,1,0,0,1,0,0,1,0,0,0,0,0,0
373,2,0,3,3,6,0,0,0,0,0,0,0,0,0,1,0,0,2010,0,1,0,0,0,6,0,1,1,1,0,0,1,0,0,0,0,0,0,0,0
378,0,0,3,4,7,0,0,0,0,1,0,0,0,0,1,1,1,2011,0,0,0,1,1,5,1,1,1,0,0,0,0,0,0,0,0,0,0,0,0
382,0,0,0,1,1,0,0,0,0,0,0,0,0,0,1,0,0,2011,0,1,0,0,0,5,1,1,0,0,1,0,0,0,0,0,0,0,0,0,0
383,2,0,2,10,12,0,0,0,1,0,0,0,0,0,0,1,1,2009,0,0,0,0,1,4,1,1,1,0,0,0,0,1,0,0,0,0,0,0,0
392,0,0,1,8,9,1,1,1,1,0,0,0,0,0,1,1,1,2008,0,0,1,0,1,5,1,1,1,1,0,0,0,0,1,0,0,0,0,0,0
393,0,0,2,2,4,0,0,0,0,0,0,1,0,0,0,0,1,2010,0,1,0,0,0,6,0,1,1,0,0,1,1,0,0,0,0,0,0,0,0
394,0,1,3,0,4,0,0,0,1,0,0,0,0,0,0,1,1,2007,0,0,1,0,1,6,0,1,1,0,0,1,0,0,0,1,0,0,0,0,0
397,0,0,2,6,8,0,0,0,0,1,0,0,0,0,0,1,0,2011,0,0,1,0,1,6,0,1,1,0,0,0,0,0,0,0,0,0,0,0,0
400,0,1,3,2,6,0,0,1,1,0,0,0,0,0,1,0,1,2011,0,1,0,0,1,5,1,1,1,1,0,0,0,0,0,0,0,0,0,0,0
402,0,0,1,8,9,0,0,0,1,0,0,0,0,0,0,1,1,2010,0,0,0,0,1,5,1,1,1,0,0,0,1,0,0,0,0,0,0,0,0
404,0,0,0,2,2,0,0,0,0,0,0,0,0,0,1,0,0,2010,0,0,0,0,0,6,0,1,0,0,1,0,1,0,0,0,0,0,0,0,0
405,0,0,0,6,6,0,0,0,0,1,0,0,0,0,1,0,1,2008,1,0,0,0,1,6,0,1,1,0,0,1,0,0,1,0,0,0,0,0,0
410,0,0,2,2,4,0,0,0,0,0,0,1,0,0,0,1,1,2010,0,1,0,0,0,6,0,1,1,1,0,1,1,0,0,0,0,0,0,0,0
411,0,0,6,3,9,0,0,0,0,1,0,0,1,0,0,1,0,2008,0,1,0,0,1,6,0,1,1,0,0,0,0,0,1,0,0,0,0,0,0
413,0,1,1,0,2,0,0,0,0,0,0,0,1,0,0,1,1,2011,0,0,1,0,0,6,0,1,1,1,0,1,0,0,0,0,0,0,0,0,0
416,0,0,3,6,9,0,0,0,0,0,0,0,0,0,1,1,0,2010,0,0,1,0,0,6,0,1,1,0,0,0,1,0,0,0,0,0,0,0,0
417,0,0,1,5,6,0,0,0,0,1,0,0,0,1,0,1,1,2010,0,0,1,0,1,6,0,1,1,0,0,1,1,0,0,0,0,0,0,0,0
419,0,0,0,7,7,0,0,0,0,0,0,0,0,1,0,1,0,2011,0,0,0,0,0,6,0,1,1,0,0,0,0,0,0,0,0,0,0,0,0
420,0,0,1,11,12,0,0,0,0,1,0,1,0,0,0,1,1,2010,0,0,1,0,1,6,0,1,1,0,0,1,1,0,0,0,0,0,0,0,0
424,4,0,4,24,28,0,0,0,0,0,0,1,0,0,0,1,1,2008,0,0,1,0,0,6,0,1,1,1,0,1,0,0,1,0,0,0,0,0,0
429,0,0,2,0,2,0,0,0,0,0,0,0,0,1,0,1,1,2006,0,1,0,0,0,6,0,1,1,1,0,1,0,0,0,0,1,0,0,0,0
431,0,0,2,6,8,0,0,0,0,0,0,0,0,1,0,1,1,2009,0,0,1,0,0,6,0,1,1,1,0,1,0,1,0,0,0,0,0,0,0
433,0,0,1,11,12,0,0,0,0,0,0,0,0,0,1,1,1,2011,0,0,0,0,0,6,0,1,1,0,0,1,0,0,0,0,0,0,0,0,0
436,0,0,4,4,8,0,0,1,1,0,0,0,0,0,1,0,1,2010,0,0,0,1,1,5,1,1,1,1,0,0,1,0,0,0,0,0,0,0,0
439,1,0,4,3,7,0,0,0,0,0,0,0,0,1,0,1,1,2011,0,0,1,0,0,5,1,1,1,1,0,0,0,0,0,0,0,0,0,0,0
440,0,1,6,4,11,1,1,1,1,0,0,1,0,0,0,1,1,2011,0,1,0,0,1,6,0,1,1,1,0,1,0,0,0,0,0,0,0,0,0
441,0,0,2,4,6,0,0,0,0,0,0,0,0,0,1,1,1,2010,0,0,1,0,0,5,1,1,1,0,0,0,1,0,0,0,0,0,0,0,0
446,0,0,0,2,2,0,0,0,0,0,0,0,0,0,1,1,1,2011,0,0,1,0,0,6,0,1,0,0,0,1,0,0,0,0,0,0,0,0,0
450,0,2,6,1,9,1,1,1,1,0,1,0,0,0,0,1,1,2008,0,1,0,0,1,5,1,1,1,1,0,0,0,0,1,0,0,0,0,0,0
452,0,0,2,5,7,0,0,0,1,0,0,0,0,0,0,1,1,2009,1,0,0,0,1,6,0,1,1,0,0,1,0,1,0,0,0,0,0,0,0
454,0,0,2,4,6,0,0,0,0,0,0,0,0,0,1,1,0,2010,1,0,0,0,0,6,0,1,1,0,0,0,1,0,0,0,0,0,0,0,0
463,0,0,4,2,6,0,0,0,0,1,0,0,1,0,0,1,0,2008,0,1,0,0,1,5,1,1,1,0,0,0,0,0,1,0,0,0,0,0,0
467,0,0,1,5,6,0,0,0,0,0,1,0,0,0,0,1,1,2011,0,0,0,0,0,5,1,1,1,0,0,0,0,0,0,0,0,0,0,0,0
487,0,0,0,3,3,0,0,0,0,0,0,0,0,0,1,0,1,2011,0,0,0,0,0,6,1,1,0,0,1,0,0,0,0,0,0,0,0,0,0
504,0,0,0,1,1,0,0,0,0,0,0,0,0,1,0,1,1,2011,1,0,0,0,0,6,1,1,1,1,0,0,0,0,0,0,0,0,0,0,0
528,0,0,5,6,11,1,1,1,1,0,1,0,0,0,0,1,0,2008,0,0,0,1,1,6,1,1,1,1,0,0,0,0,1,0,0,0,0,0,0
565,0,0,6,1,7,0,0,0,0,0,1,0,0,0,0,1,0,2011,0,1,0,0,0,6,1,1,1,1,0,0,0,0,0,0,0,0,0,0,0
606,0,0,1,1,2,0,0,0,0,0,0,0,1,0,0,1,1,2011,0,1,0,0,0,5,1,1,0,0,1,0,0,0,0,0,0,0,0,0,0
655,0,0,1,6,7,0,0,0,0,0,0,0,0,0,0,1,1,2011,1,0,0,0,0,6,1,1,1,1,0,0,0,0,0,0,0,0,0,0,0
663,0,0,1,3,4,0,0,0,0,0,1,0,0,0,0,1,1,2010,0,1,0,0,0,6,1,1,0,0,1,0,1,0,0,0,0,0,0,0,0
